<?xml version="1.0" encoding="UTF-8"?>
<!DOCTYPE hibernate-configuration PUBLIC "-//Hibernate/Hibernate Configuration DTD 3.0//EN" "http://www.hibernate.org/dtd/hibernate-configuration-3.0.dtd">
<hibernate-configuration>
	<session-factory>
		<property name="connection.driver_class">com.mysql.jdbc.Driver</property>
		<property name="hibernate.connection.url">jdbc:mysql://localhost:3306/finalproject</property>
		<property name="connection.username">root</property>
		<property name="connection.password">12345678</property>
		<property name="connection.pool_size">2</property>
		<property name="dialect">org.hibernate.dialect.MySQL5InnoDBDialect</property>
		<property name="current_session_context_class">thread</property>
		<property name="cache.provider_class">org.hibernate.cache.internal.NoCacheProvider</property>
		<property name="show_sql">true</property>
		<property name="hibernate.hbm2ddl.auto">update</property>
		<property name="hibernate.connection.autocommit">true</property>
		<property name="hibernate.format_sql">true</property>
		<mapping class="br.com.finalproject.domain.Car"></mapping>
		<mapping class="br.com.finalproject.domain.Owner"></mapping>
	</session-factory>
</hibernate-configuration>
