[
    {
        "id": "1",
        "name": "Hamburgão",
        "price": 25.00,
        "img" : "/images/hamburger.png",
        "type": "hamburger",
        "items" : [
            "2 hamburgeres", "1 alface", "1 queijo"
        ]
      },
      {
        "id": "2",
        "name": "Dogão",
        "price": 25.00,
        "img" : "/images/hotdog.png",
        "type": "hot-dog",
        "items" : [
            "2 salsichas", "queijo", "presunto", "purê"
        ]
      },
      {
        "id": "3",
        "name": "Cheddar Fries",
        "price": 30.00,
        "img" : "/images/snacks.png",
        "type": "snack",
        "items" : [
            "Fritas", "Cheddar", "Bacon"
        ]
      }
]