[
  {
    "id": 1,
    "imageUrl": "https://tm.ibxk.com.br/2022/06/24/24162940769398.jpg?ims=164x118",
    "title": "Windows 11 completa um ano de anúncio; veja as melhores features",
    "subTitle": "MEUBLOG",
    "publishedAt": "há 13 horas"
  },
  {
    "id": 2,
    "imageUrl": "https://tm.ibxk.com.br/2022/06/23/23134618883311.jpg?ims=164x118",
    "title": "Halo: produção se torna 2ª maior série do Paramount+",
    "subTitle": "MINHA SÉRIE",
    "publishedAt": "há 14 horas"
  },
  {
    "id": 3,
    "imageUrl": "https://tm.ibxk.com.br/2022/06/24/24105435417080.jpg?ims=164x118",
    "title": "Veneno de cobra pode ser usado para controlar hemorragia, diz estudo",
    "subTitle": "MEUBLOG",
    "publishedAt": "há 15 horas"
  },
  {
    "id": 4,
    "imageUrl": "https://tm.ibxk.com.br/2022/06/24/24145826163316.jpg?ims=164x118",
    "title": "Apple e Google podem ser investigadas por coleta e venda de dados",
    "subTitle": "MEUBLOG",
    "publishedAt": "há 18 horas"
  },
  {
    "id": 5,
    "imageUrl": "https://tm.ibxk.com.br/2022/06/25/25131730077001.jpg?ims=164x118",
    "title": "Spotify prepara nova funções sociais com recurso Comunidade",
    "subTitle": "MEUBLOG",
    "publishedAt": "há 21 horas"
  },
  {
    "id": 6,
    "imageUrl": "https://tm.ibxk.com.br/2022/06/24/windows-11-24162024081369.jpg?ims=164x118",
    "title": "Gmail: como configurar resposta automática de e-mails",
    "subTitle": "MEUBLOG",
    "publishedAt": "há 22 horas"
  },
  {
    "id": 7,
    "imageUrl": "https://tm.ibxk.com.br/2022/06/23/23151709903431.jpg?ims=164x118",
    "title": "Shineray She S: tudo sobre a moto elétrica de R$ 18,9 mil",
    "subTitle": "MEUBLOG",
    "publishedAt": "há 1 dia"
  },
  {
    "id": 8,
    "imageUrl": "https://tm.ibxk.com.br/2022/06/24/24180011756456.jpg?ims=164x118",
    "title": "CrowdTangle: Meta deve 'matar' rastreador de mídias sociais",
    "subTitle": "MEUBLOG",
    "publishedAt": "há 1 dia"
  },
  {
    "id": 9,
    "imageUrl": "https://tm.ibxk.com.br/2022/06/24/24111248154113.jpg?ims=164x118",
    "title": "GPUs usadas em mineração são vendidas com VRAM defeituosa",
    "subTitle": "MEUBLOG",
    "publishedAt": "há 2 dias"
  },
  {
    "id": 10,
    "imageUrl": "https://tm.ibxk.com.br/2022/06/24/24154021211349.jpg?ims=164x118",
    "title": "Cibercriminosos roubam US$ 100 milhões em criptomoedas da Harmony",
    "subTitle": "MEUBLOG",
    "publishedAt": "há 3 dias"
  }
]
