[
  {
    "id": 1,
    "imageUrl": "https://tm.ibxk.com.br/2022/05/04/04181552447728.jpg?ims=164x118",
    "title": "Qual é a ordem cronológica dos filmes e séries da Marvel?",
    "publishedAt": "há 2 horas"
  },
  {
    "id": 2,
    "imageUrl": "https://tm.ibxk.com.br/2022/06/17/17075837022015.jpg?ims=164x118",
    "title": "Stranger Things: conheça 5 casos reais que inspiraram a série",
    "publishedAt": "há 6 horas"
  },
  {
    "id": 3,
    "imageUrl": "https://tm.ibxk.com.br/2022/06/17/17154509596340.jpg?ims=164x118",
    "title": "Google TV: como usar o app no Android e iOS",
    "publishedAt": "há 1 dia"
  },
  {
    "id": 4,
    "imageUrl": "https://tm.ibxk.com.br/2022/06/22/22124228450184.jpg?ims=164x118",
    "title": "iPhone 13 lidera: veja 10 celulares mais vendidos no mundo",
    "publishedAt": "há 2 dias"
  },
  {
    "id": 5,
    "imageUrl": "https://tm.ibxk.com.br/2022/06/17/17103903687098.jpg?ims=164x118",
    "title": "Artista cria 151 Pokémon brasileiros inspirados em animais e até memes",
    "publishedAt": "há 1 semana"
  },
  {
    "id": 6,
    "imageUrl": "https://tm.ibxk.com.br/2022/06/07/07205922502001.jpg?ims=164x118",
    "title": "Tesla Cybertruck: imagens mostram interior da picape elétrica",
    "publishedAt": "há 2 semanas"
  }
]
