[
  {
    "id": 1,
    "imageUrl": "https://tm.ibxk.com.br/2022/06/23/23163601741524.jpg?ims=164x118",
    "title": "moto g52 e moto g82 5G: tela pOLED surpreende com contraste infinito",
    "subTitle": "Olha isso!"
  },
  {
    "id": 2,
    "imageUrl": "https://tm.ibxk.com.br/2022/06/23/23172237172594.jpg?ims=164x118",
    "title": "Nubank anuncia nova opção de investimento em CDBs prefixados",
    "subTitle": "Confira"
  },
  {
    "id": 3,
    "imageUrl": "https://tm.ibxk.com.br/2022/06/24/24154815916352.jpg?ims=164x118",
    "title": "Chris Evans faz cerimônia de despedida para seu iPhone 6s",
    "subTitle": "Celular é de 2015!"
  }
]
